BBB Time,Laser
00:09:45.374,0.07000000029802322
00:09:45.466,0.07000000029802322
00:09:45.566,0.07000000029802322
00:09:45.661,0.07000000029802322
00:09:45.762,0.07000000029802322
00:09:45.872,0.07000000029802322
00:09:45.964,0.07000000029802322
00:09:46.062,0.07000000029802322
00:09:46.162,0.07000000029802322
00:09:46.261,0.07000000029802322
00:09:46.369,0.07000000029802322
